{
  "colors": {
    "primary": "#1D4ED8",
    "secondary": "#6366F1",
    "accent": "#F59E0B",
    "success": "#22C55E",
    "warning": "#F97316",
    "danger": "#EF4444",
    "muted": "#6B7280",
    "surface": "#FFFFFF",
    "background": "#F4F4F5",
    "dark": "#111827"
  },
  "fonts": {
    "heading": { "family": "Inter", "weight": 700, "lineHeight": 1.25 },
    "body": { "family": "Inter", "weight": 400, "lineHeight": 1.5 },
    "mono": { "family": "JetBrains Mono", "weight": 500, "lineHeight": 1.4 }
  },
  "fontSizes": {
    "xs": { "size": 12, "lineHeight": 1.35 },
    "sm": { "size": 14, "lineHeight": 1.4 },
    "md": { "size": 16, "lineHeight": 1.45 },
    "lg": { "size": 20, "lineHeight": 1.55 },
    "xl": { "size": 24, "lineHeight": 1.6 },
    "2xl": { "size": 32, "lineHeight": 1.6 }
  },
  "spacing": {
    "none": 0,
    "xs": 4,
    "sm": 8,
    "md": 16,
    "lg": 24,
    "xl": 32,
    "2xl": 48
  },
  "radii": {
    "none": 0,
    "sm": 4,
    "md": 8,
    "lg": 16,
    "pill": 999
  },
  "shadows": {
    "none": "none",
    "sm": "0 1px 2px rgba(15, 23, 42, 0.08)",
    "md": "0 5px 15px rgba(15, 23, 42, 0.12)",
    "lg": "0 15px 35px rgba(15, 23, 42, 0.15)"
  },
  "themes": {
    "light": {
      "name": "Clair",
      "surface": "#FFFFFF",
      "background": "#F4F4F5",
      "text": "#0F172A",
      "subtleText": "#475569",
      "divider": "rgba(15, 23, 42, 0.08)"
    },
    "dark": {
      "name": "Sombre",
      "surface": "#111827",
      "background": "#020617",
      "text": "#F1F5F9",
      "subtleText": "#CBD5F5",
      "divider": "rgba(148, 163, 184, 0.24)"
    }
  }
}
